J-S distance,KS test,Survival curves distance,Detection XGB,NNDR,K-map score,generator
0.005597922552192024,0.955412005671971,0.017348218002481996,0.9179014405840557,0.13300565239959036,5.0,HI-VAE_weibull
0.006198786143933186,0.951473136915078,0.023789637578551855,0.9035869891141385,0.09184657486894858,3.0,HI-VAE_weibull
0.00606940039800933,0.9530486844178352,0.019695592886893907,0.9038507268105078,0.09175340839026275,1.0,HI-VAE_weibull
0.0054460346889197014,0.9560422246730739,0.00977362805486419,0.9173353757903658,0.09190561575311497,2.0,HI-VAE_weibull
0.005262755125805424,0.9568299984244526,0.01007806214652816,0.9172937878886644,0.11289840134686256,2.0,HI-VAE_weibull
0.005534217639148554,0.9607688671813456,0.006583345563535236,0.9150380027377615,0.1333260144012384,6.0,HI-VAE_weibull
0.006741794985612204,0.9522609106664567,0.027639011497506402,0.898749103709015,0.08383425087021018,3.0,HI-VAE_weibull
0.005539461248770464,0.954309122420041,0.008137462037209615,0.922101427547096,0.14190654277968293,5.0,HI-VAE_weibull
0.0053584937224380605,0.9577753269261069,0.008158896168124118,0.9216890685092235,0.0913699902256227,4.0,HI-VAE_weibull
0.005728049367584054,0.9538364581692137,0.008397536001868777,0.926405058340395,0.10607589651933871,4.0,HI-VAE_weibull
0.006174412013671504,0.9522609106664567,0.010987623895748788,0.9261719574995111,0.11181397371211008,1.0,HI-VAE_weibull
0.006249053086672728,0.9549393414211438,0.005384641798229971,0.9132802294504921,0.11358597847717346,6.0,HI-VAE_weibull
0.0053017720585440305,0.9541515676697653,0.006231099201666561,0.9241972492014863,0.13187952073399642,3.0,HI-VAE_weibull
0.005660612143892236,0.9566724436741768,0.022412140632205615,0.9259672772309496,0.1065266668517853,2.0,HI-VAE_weibull
0.006035935247383392,0.9565148889239011,0.006945144170085251,0.9213258588097256,0.10632744197615153,3.0,HI-VAE_weibull
0.004800932903780779,0.954781786670868,0.0064449060186420595,0.9202387067335897,0.11349282727010615,2.0,HI-VAE_weibull
0.006528369414662839,0.9511580274145266,0.008279202286085563,0.9267888664363472,0.08921386924779125,3.0,HI-VAE_weibull
0.006745682621878419,0.950842917913975,0.017393678880535595,0.9231318688481845,0.12348385950809658,7.0,HI-VAE_weibull
0.005448482721222778,0.9565148889239011,0.009654250112855667,0.9162460074310671,0.1205556376153185,5.0,HI-VAE_weibull
0.006003369365905988,0.9519458011659051,0.007159215699003075,0.9227463659474611,0.10837855446463691,3.0,HI-VAE_weibull
0.006525233884847901,0.9566724436741768,0.024798224780929363,0.9133443712926146,0.10029001645961545,4.0,HI-VAE_weibull
0.006549932193259412,0.9487947061603909,0.011144451197278896,0.9158412098298676,0.09605015719292387,2.0,HI-VAE_weibull
0.005883445990903147,0.950842917913975,0.01205068065423328,0.9190464767616193,0.14082048889184864,6.0,HI-VAE_weibull
0.005853494796880527,0.9521033559161808,0.023047708234361086,0.9243980183821133,0.1027407036933084,3.0,HI-VAE_weibull
0.00539581240906867,0.9535213486686623,0.008107851025188403,0.926275470960172,0.1232914345461723,2.0,HI-VAE_weibull
0.005795807746156393,0.9535213486686622,0.013552331862370048,0.9004437781109444,0.09764810281906439,2.0,HI-VAE_weibull
0.006464299136602037,0.9497400346620452,0.029370513260196494,0.9162765139169545,0.1321784178067398,2.0,HI-VAE_weibull
0.006286431638201615,0.9539940129194896,0.01561690807409915,0.9177983182321883,0.13113092804695933,4.0,HI-VAE_weibull
0.006437509100564166,0.9494249251614936,0.01316310555514546,0.9086000912587184,0.10737804976401696,1.0,HI-VAE_weibull
0.005889267482553795,0.9519458011659051,0.008693992707536,0.9235826869174109,0.10533665399633031,3.0,HI-VAE_weibull
0.00631180468725403,0.9555695604222467,0.021191459828264862,0.915776546509354,0.13092314525697898,4.0,HI-VAE_weibull
0.005975098635427422,0.9539940129194894,0.007116142007470632,0.9286187341112054,0.11017675733606398,4.0,HI-VAE_weibull
0.005500619697604121,0.957145107925004,0.007663318656312108,0.9121246333355062,0.09773207947841822,5.0,HI-VAE_weibull
0.006987203394158634,0.9481644871592878,0.027469998421884523,0.926147969493514,0.0821825518185116,6.0,HI-VAE_weibull
0.0065158878963948695,0.9472191586576334,0.01030629526824383,0.9046300762662147,0.1430162046344469,3.0,HI-VAE_weibull
0.0050878434546432535,0.9550968961714197,0.008231475255895078,0.91349286226452,0.10194650538814255,4.0,HI-VAE_weibull
0.006490742417997939,0.9476918229084607,0.00873900304443288,0.9190253568867739,0.1042604013084177,3.0,HI-VAE_weibull
0.005270764510778987,0.9568299984244525,0.011446627692656256,0.9154268952480281,0.11882944207715143,5.0,HI-VAE_weibull
0.005870306064947197,0.9528911296675595,0.01515535633348075,0.910932794472329,0.10801770953483984,4.0,HI-VAE_weibull
0.005987783521416601,0.9516306916653537,0.013635233512200811,0.9163585163939769,0.17977885048613676,4.0,HI-VAE_weibull
0.006536149870347578,0.9513155821648023,0.016880453289797162,0.9221437976663843,0.11270739362709752,3.0,HI-VAE_weibull
0.0057773932600010455,0.954309122420041,0.01532567413994303,0.9188198944006258,0.11823800840184948,6.0,HI-VAE_weibull
0.005611361719160906,0.9550968961714197,0.004569692995049072,0.9216753797014536,0.13487386689316044,6.0,HI-VAE_weibull
0.00700207750950861,0.9498975894123208,0.012421493827306186,0.9134673098233492,0.13562832725661508,4.0,HI-VAE_weibull
0.0050633713201130295,0.9579328816763826,0.015764251800503528,0.9262068965517241,0.10278590393206197,3.0,HI-VAE_weibull
0.005359559436833462,0.9550968961714197,0.01058464054093352,0.924361123785933,0.12301299797607541,2.0,HI-VAE_weibull
0.00529162987578829,0.9536789034189382,0.009634642200455405,0.9195972883123655,0.10474285749471689,1.0,HI-VAE_weibull
0.006163908945198607,0.9535213486686622,0.011996544869128557,0.91896369206701,0.15071603480242565,4.0,HI-VAE_weibull
0.005554697572661028,0.9510004726642507,0.01282581987847039,0.9310841535753862,0.11666138935922439,2.0,HI-VAE_weibull
0.005849092513496934,0.9513155821648024,0.011125038831886393,0.9223860243791148,0.10069890318842847,2.0,HI-VAE_weibull
0.005730285170883858,0.9584055459272097,0.015588600777813443,0.9284955348412749,0.09512305757821629,4.0,HI-VAE_weibull
0.004674347508416826,0.9584055459272097,0.01036294113405462,0.9079267322860309,0.1284185002842989,2.0,HI-VAE_weibull
0.005800047384658285,0.9524184654167324,0.02155896372828246,0.9325474219412033,0.1002239351140929,2.0,HI-VAE_weibull
0.0063528547092767725,0.9510004726642507,0.014676710259023151,0.9104905807965583,0.09450452820230364,3.0,HI-VAE_weibull
0.00626051196674303,0.9495824799117693,0.018509615577264653,0.920526953914347,0.11801483465866189,4.0,HI-VAE_weibull
0.005324839039472858,0.9549393414211438,0.012224429702085858,0.9157343067596637,0.10153064048601085,2.0,HI-VAE_weibull
0.005540765164483621,0.9558846699227982,0.006670822289699084,0.9166929144123591,0.11610206277852894,1.0,HI-VAE_weibull
0.006078901658191648,0.951473136915078,0.019316971925679677,0.9318586793559742,0.10565534871548524,3.0,HI-VAE_weibull
0.006365502599940387,0.9510004726642509,0.016341358582468272,0.913323512156965,0.09710145726056002,2.0,HI-VAE_weibull
0.006524624438624791,0.9532062391681109,0.024535565666765492,0.9237873671859722,0.10483729751271047,3.0,HI-VAE_weibull
0.0062593880654358836,0.9530486844178351,0.010779896962525154,0.9279754905156118,0.12573337894578324,4.0,HI-VAE_weibull
0.005976645017415467,0.9560422246730739,0.017444775379672744,0.930183821132912,0.09145171624444899,2.0,HI-VAE_weibull
0.005891128898447695,0.9528911296675595,0.014584558168439163,0.9283665993090411,0.12414251451553811,6.0,HI-VAE_weibull
0.005501525814250724,0.9528911296675595,0.011766260904112251,0.9197349586076526,0.11091214000287031,3.0,HI-VAE_weibull
0.006507991359235005,0.9502126989128722,0.03014878985137416,0.9063535623492601,0.09259421504210558,6.0,HI-VAE_weibull
0.005740659451921048,0.9544666771703166,0.015391203719892919,0.914662668665667,0.1608995130714678,5.0,HI-VAE_weibull
0.0064810809675456185,0.9510004726642507,0.007466663573622794,0.9260668796036764,0.09050180718755058,1.0,HI-VAE_weibull
0.006140248645960161,0.9533637939183867,0.02719960122211752,0.9255944201812139,0.14529526370793855,6.0,HI-VAE_weibull
0.0064059719011858255,0.9491098156609421,0.013946902730157296,0.9157554266345089,0.15513071205204085,3.0,HI-VAE_weibull
0.005978360683865702,0.9521033559161808,0.008884259606901873,0.9318465549833779,0.13309266398376557,5.0,HI-VAE_weibull
0.00641396820593079,0.950842917913975,0.014705373962987218,0.9259116094126849,0.08930826634717622,2.0,HI-VAE_weibull
0.006058782745800808,0.9554120056719708,0.006525249292126255,0.9137546444169221,0.0879277775837172,2.0,HI-VAE_weibull
0.006418290936045078,0.9470616039073577,0.01889704370621296,0.9147570562544814,0.16399022160894727,2.0,HI-VAE_weibull
0.005595772322196873,0.9535213486686623,0.006409029054213172,0.9227768724333487,0.1158911062672939,5.0,HI-VAE_weibull
0.0057565718054950026,0.9573026626752799,0.008901704250679831,0.9207727006062185,0.10466655504470487,2.0,HI-VAE_weibull
0.006288531490925107,0.9497400346620449,0.010435210022589006,0.9198262173261196,0.12594301281984513,5.0,HI-VAE_weibull
0.005541262515320133,0.9560422246730738,0.015141999891663791,0.9311884492536342,0.0970109497498883,4.0,HI-VAE_weibull
0.005884126501543862,0.9539940129194894,0.006859897707292108,0.9029798578971382,0.0942631146847056,3.0,HI-VAE_weibull
0.005878254925796315,0.9563573341736255,0.008979962841303405,0.9232765791017534,0.1002256811808625,3.0,HI-VAE_weibull
0.005869596432544782,0.9521033559161808,0.012661218859527663,0.9152441170718989,0.11945530653160444,3.0,HI-VAE_weibull
0.006643918150818457,0.9491098156609421,0.010369142352332602,0.9174099472003128,0.14309305239580145,5.0,HI-VAE_weibull
0.00590029767480518,0.9533637939183867,0.009154921290065,0.9151902744280033,0.13143117823128117,5.0,HI-VAE_weibull
0.006257034231898223,0.954309122420041,0.011893912045446953,0.922373508897725,0.12278357702945389,3.0,HI-VAE_weibull
0.00701233161551999,0.946904049157082,0.023519490039506312,0.9187476696434391,0.10038448734299132,1.0,HI-VAE_weibull
0.006843986059467213,0.9483220419095635,0.010200967033437525,0.9241049475262368,0.12494159145508128,2.0,HI-VAE_weibull
0.005547000359405856,0.9587206554277613,0.005182384265823722,0.9297103187536667,0.08159193721666703,1.0,HI-VAE_weibull
0.00582908490949973,0.9530486844178352,0.012054864357400575,0.9290028029463528,0.1005551971123665,3.0,HI-VAE_weibull
0.005942849055249413,0.952576020167008,0.017667492172592194,0.9315416204941007,0.17863488236456304,6.0,HI-VAE_weibull
0.005772695857871055,0.953678903418938,0.009114428185309139,0.9175566129978489,0.11110205563005993,3.0,HI-VAE_weibull
0.006231116666030229,0.9538364581692139,0.015010442299191374,0.9106209503943681,0.09549618175583846,1.0,HI-VAE_weibull
0.006458260151938049,0.9558846699227982,0.022480423411649277,0.9262516133237728,0.12167206839892314,5.0,HI-VAE_weibull
0.005841325770303666,0.9505278084134237,0.017914805773212382,0.9151954892119158,0.14134781996323723,3.0,HI-VAE_weibull
0.005950930956775288,0.9541515676697653,0.016834720129786217,0.9233743563001109,0.1312424005594629,5.0,HI-VAE_weibull
0.0062584418663931,0.9519458011659051,0.012186126379108195,0.9175534841275015,0.13971078688467367,4.0,HI-VAE_weibull
0.005825722149519067,0.9550968961714195,0.010574671787815125,0.9099530669447885,0.16135290584900952,5.0,HI-VAE_weibull
0.00601071646651647,0.9492673704112179,0.011277648750098752,0.9338092692784044,0.11474237134455859,3.0,HI-VAE_weibull
0.005973633504629439,0.953678903418938,0.023011530788173647,0.9154858223062382,0.14103449016139785,3.0,HI-VAE_weibull
0.00583318069941036,0.9546242319205924,0.011227734783516116,0.9302173261195488,0.11188903907314834,3.0,HI-VAE_weibull
0.00577564708331622,0.9547817866708681,0.011290616231501757,0.9295083762466593,0.1017301833510374,5.0,HI-VAE_weibull
0.005753805061564599,0.9514731369150781,0.011069950791290126,0.9225688025552442,0.09642124617669767,1.0,HI-VAE_weibull
0.006037787423533205,0.9532062391681109,0.011950951064703353,0.9323699889185841,0.11221468462737857,4.0,HI-VAE_weibull
0.005655272559099796,0.9565148889239011,0.011923151209588576,0.9113079981748257,0.09270401211451666,5.0,HI-VAE_weibull
0.006300493652583262,0.9491098156609421,0.012206722770163448,0.912743628185907,0.11656047800256311,4.0,HI-VAE_weibull
0.006787539517718833,0.944068063652119,0.016109503843545654,0.916366729678639,0.10800658239711806,3.0,HI-VAE_weibull
0.005902928247177083,0.9498975894123208,0.005236144362788363,0.930549116745975,0.11818192528209534,3.0,HI-VAE_weibull
0.0058560606237539415,0.9530486844178352,0.01133832758079731,0.919169284922756,0.13548038003969765,2.0,HI-VAE_weibull
0.005696927202108288,0.9544666771703166,0.011744852824853144,0.9244854963822435,0.09234794878362591,2.0,HI-VAE_weibull
0.0046855861570276125,0.9601386481802426,0.007287008891940434,0.9116018512482889,0.11131781058860417,3.0,HI-VAE_weibull
0.005512392659057139,0.9541515676697653,0.018797271362416382,0.9148734763053256,0.10257677370861508,2.0,HI-VAE_weibull
0.006165071313131563,0.9484795966598392,0.008291648846827794,0.9167994263737697,0.10530966751942082,1.0,HI-VAE_weibull
0.0064377282740611915,0.9516306916653537,0.013310429340398632,0.9000834365425983,0.12565880649119476,4.0,HI-VAE_weibull
0.006366371847739807,0.9530486844178352,0.015670905263814327,0.9299361188970732,0.12975934275754966,4.0,HI-VAE_weibull
0.006162416013193352,0.9494249251614936,0.02185821977872828,0.9249939378137018,0.10135090018854293,6.0,HI-VAE_weibull
0.0064332613475290125,0.9486371514101151,0.010164506241974987,0.918782087217261,0.09696776019292054,4.0,HI-VAE_weibull
0.005770886160009294,0.9539940129194894,0.008154887733427896,0.9274593572778826,0.10653294825670451,4.0,HI-VAE_weibull
0.0061408849282780205,0.954309122420041,0.018365559458269738,0.9117693761814746,0.12868473719909285,5.0,HI-VAE_weibull
0.005721096455134377,0.9522609106664567,0.020327185221237692,0.9227969493514113,0.10750407369136318,3.0,HI-VAE_weibull
0.005746326888617024,0.9557271151725225,0.012059227026120053,0.9034940355909002,0.10485815795341447,3.0,HI-VAE_weibull
0.006137366906580028,0.9514731369150781,0.023006355360555623,0.9278718466853529,0.10268268871203916,4.0,HI-VAE_weibull
0.006294351151713503,0.9473767134079093,0.025934846103058018,0.9247992960041718,0.10785324682522314,4.0,HI-VAE_weibull
0.00572635587596026,0.9527335749172838,0.015903336009128674,0.9151670686395933,0.10645626493119048,2.0,HI-VAE_weibull
0.006106858122648587,0.9513155821648023,0.016615818774004632,0.909868978554201,0.08165329063874197,3.0,HI-VAE_weibull
0.005504133386090724,0.9558846699227982,0.008139865740915663,0.903467440192947,0.10977596257997704,3.0,HI-VAE_weibull
0.006259190637704215,0.9524184654167324,0.012008103510602216,0.9263733785281273,0.09577915784458628,2.0,HI-VAE_weibull
0.006217457341427507,0.952576020167008,0.008789811837483518,0.9077755035525715,0.10304036164571843,2.0,HI-VAE_weibull
0.006032798307722838,0.9486371514101151,0.011999264713300128,0.9258139625839255,0.0884410089693996,4.0,HI-VAE_weibull
0.005820514876762838,0.9565148889239012,0.0102859732226133,0.9196919366403755,0.08752700782994814,1.0,HI-VAE_weibull
0.005027096911810461,0.9539940129194896,0.008022245788081106,0.9139342937227038,0.08646903592798931,2.0,HI-VAE_weibull
0.0070970817126696974,0.9478493776587363,0.021629678474549677,0.9182878560719641,0.10921819134892957,3.0,HI-VAE_weibull
0.0061594696131843756,0.9527335749172838,0.010563210248605459,0.9033631445146991,0.09206759797367195,5.0,HI-VAE_weibull
0.007374331975788454,0.9443831731526706,0.02736012861712063,0.9236855485300828,0.1082715325319187,5.0,HI-VAE_weibull
0.006754574284340385,0.9483220419095637,0.021324020469973205,0.9158812332963953,0.1486001848719893,3.0,HI-VAE_weibull
0.005980696971998681,0.9543091224200411,0.011881547624690545,0.9053374617039307,0.1076555589143722,2.0,HI-VAE_weibull
0.005832695800806553,0.9535213486686623,0.029001501375478713,0.9221454924711556,0.10446480336891542,3.0,HI-VAE_weibull
0.005382710322463725,0.9566724436741768,0.00828098212479198,0.9212047454533604,0.10841654250997616,6.0,HI-VAE_weibull
0.005158311016985047,0.9552544509216951,0.012316244450088347,0.9218045759728831,0.12885860012160885,2.0,HI-VAE_weibull
0.005882690655299641,0.9530486844178352,0.015536668577664371,0.9281694804771528,0.10316553782181358,4.0,HI-VAE_weibull
0.005962504208819394,0.951473136915078,0.023416109910190934,0.9114670490841537,0.09577399588726443,2.0,HI-VAE_weibull
0.005954553078150171,0.9519458011659051,0.008194250500212956,0.9219813571475133,0.11085683272895847,5.0,HI-VAE_weibull
0.005848569129398336,0.9497400346620449,0.014608315774762567,0.9189742520044326,0.07589958006017153,1.0,HI-VAE_weibull
0.005789185688232743,0.9557271151725224,0.008273190095323972,0.9227780457597289,0.10408088484771247,3.0,HI-VAE_weibull
0.005419848273178241,0.9547817866708681,0.009568824564121281,0.9275862068965516,0.09188763031983715,3.0,HI-VAE_weibull
0.006153431092861699,0.9522609106664567,0.006125501235808807,0.923842383156248,0.09218184978111589,2.0,HI-VAE_weibull
0.006303420374971554,0.9510004726642509,0.013589636126878718,0.928061012971775,0.09748757302511536,5.0,HI-VAE_weibull
0.00619720831840537,0.9538364581692139,0.010662528678102754,0.9120483671207873,0.11082714715881868,3.0,HI-VAE_weibull
0.006005836978250683,0.9546242319205924,0.008919547219735454,0.9269211915781239,0.12393587979240145,5.0,HI-VAE_weibull
0.006796882476931127,0.9533637939183867,0.03656263058766762,0.9343385698455119,0.08896438983853819,3.0,HI-VAE_weibull
0.006049490596747613,0.9502126989128722,0.009431895961864533,0.9097790235317124,0.097545616081644,1.0,HI-VAE_weibull
0.006162760288668634,0.953678903418938,0.018420936563149932,0.914308454468418,0.11770438898182765,3.0,HI-VAE_weibull
0.00604559356234163,0.9524184654167324,0.02170818566942496,0.9196495665210873,0.09729274702205006,1.0,HI-VAE_weibull
0.005571740373079176,0.952576020167008,0.011508178654335587,0.9334242878560721,0.08746063626625157,4.0,HI-VAE_weibull
0.006167437927672007,0.9522609106664567,0.009137264266321835,0.9174302848575712,0.10880373972457395,6.0,HI-VAE_weibull
0.005661488093350078,0.9557271151725225,0.014698272463182468,0.9077974056450036,0.10155920941855363,1.0,HI-VAE_weibull
0.005181868647042468,0.9604537576807942,0.02274551832820662,0.9183340069095886,0.08877296832413271,2.0,HI-VAE_weibull
0.006454774539088646,0.9514731369150781,0.020857996250813905,0.922485235643048,0.12041048283672824,1.0,HI-VAE_weibull
0.0054100053109840986,0.9566724436741768,0.009280395396972249,0.9106736197118833,0.1472846872364988,3.0,HI-VAE_weibull
0.005859997305601836,0.9558846699227982,0.005958989073990817,0.9177579036568673,0.1306144938958769,4.0,HI-VAE_weibull
0.0061912370486089776,0.9524184654167324,0.018957988193987814,0.9153225995697805,0.10519497726751278,1.0,HI-VAE_weibull
0.0053076377745834525,0.9573026626752796,0.007976147093444855,0.9091389088064664,0.10625181669797742,3.0,HI-VAE_weibull
0.006140366765926247,0.9563573341736252,0.016993285021160903,0.9208659148686525,0.126459794935411,6.0,HI-VAE_weibull
0.005161468763214746,0.9587206554277611,0.011204131824059046,0.9175255850335702,0.10708273819999735,3.0,HI-VAE_weibull
0.004973188477748142,0.9595084291791397,0.013418877857764902,0.9296882862916369,0.10802030649584887,2.0,HI-VAE_weibull
0.00559945176673877,0.9561997794233495,0.01531470724462972,0.9181668730851966,0.1553657551523785,6.0,HI-VAE_weibull
0.005839349274424529,0.9574602174255555,0.01198171610952266,0.9208904243530409,0.11154248741410397,4.0,HI-VAE_weibull
0.006504479729762808,0.9486371514101151,0.012466823896442497,0.9254459292093085,0.09535458143144793,2.0,HI-VAE_weibull
0.005879970386840133,0.9511580274145266,0.018545819722554424,0.9036808552245617,0.11322596082884434,3.0,HI-VAE_weibull
0.006263014789674106,0.9528911296675595,0.012853318807612894,0.9221411902744281,0.11422850064325538,1.0,HI-VAE_weibull
0.007037669888885641,0.9481644871592878,0.02283540257721031,0.9205067466266866,0.10960684675844856,3.0,HI-VAE_weibull
0.006177085399201473,0.9511580274145266,0.029091717046042586,0.92087321556613,0.1222453300399855,3.0,HI-VAE_weibull
0.005994898058416091,0.9547817866708681,0.01866946369801143,0.9286056971514242,0.13273451677978743,3.0,HI-VAE_weibull
0.005121291416062065,0.9524184654167321,0.009091626760826827,0.9259477217912784,0.0899952942041047,1.0,HI-VAE_weibull
0.006527963020561672,0.9484795966598392,0.012502397529348185,0.9208940747017798,0.10743534128823892,4.0,HI-VAE_weibull
0.0061600958709777396,0.9535213486686622,0.012097966321531454,0.9105916172348607,0.0949897760243966,4.0,HI-VAE_weibull
0.0056738320446326,0.9527335749172838,0.015527455176312589,0.9145179584120984,0.09625764320694574,1.0,HI-VAE_weibull
0.006312143140272054,0.9573026626752799,0.020541832413149327,0.9188912065706278,0.15637599733638344,3.0,HI-VAE_weibull
0.005565373051865232,0.9565148889239009,0.014162947132605295,0.9152705821002541,0.09970018706308643,4.0,HI-VAE_weibull
0.005422446088184776,0.9561997794233495,0.010971034098581748,0.9151673293787889,0.12313485181281336,3.0,HI-VAE_weibull
0.005946228100672768,0.9510004726642507,0.00837393465367697,0.9313834821719575,0.09602298667071532,4.0,HI-VAE_weibull
0.005590723205348136,0.9546242319205924,0.012358970222535688,0.9138436868522261,0.12125243009902827,1.0,HI-VAE_weibull
0.005848887692407257,0.9475342681581851,0.013286377767499196,0.9320529300567107,0.15483337165506697,5.0,HI-VAE_weibull
0.00725179642495176,0.9437529541515677,0.013091816706379959,0.9183358320839581,0.09989944546350947,5.0,HI-VAE_weibull
0.00644858272386148,0.9467464944068062,0.02989251071903798,0.9182413141255459,0.1413235873674601,4.0,HI-VAE_weibull
0.006024210192734253,0.9557271151725225,0.011505789298767728,0.9137208786910893,0.13205983407667263,4.0,HI-VAE_weibull
0.005966182448610976,0.9513155821648023,0.010055454701972113,0.9282525259109576,0.09281010073075086,4.0,HI-VAE_weibull
0.005742532154754032,0.9510004726642509,0.010704600486711863,0.9123148425787108,0.11531436905968011,2.0,HI-VAE_weibull
0.006746792335377783,0.947534268158185,0.014364455144653019,0.9038320839580211,0.11947544425959589,3.0,HI-VAE_weibull
0.0062694919879540826,0.951473136915078,0.029713873724682458,0.9053385046607131,0.10406214429966833,1.0,HI-VAE_weibull
0.0058664753382034725,0.9521033559161808,0.00974038005999252,0.9153366794863438,0.11393951261431744,3.0,HI-VAE_weibull
0.005968336618159139,0.9574602174255555,0.012957348748276394,0.931512678443387,0.15986066407266059,6.0,HI-VAE_weibull
0.004734904572383351,0.9629746336852057,0.010451753846892382,0.9347266801381918,0.09051582428471219,2.0,HI-VAE_weibull
0.005991621377693055,0.9530486844178352,0.023435139316036545,0.9307308519653217,0.09779738578445629,2.0,HI-VAE_weibull
0.0053814281243817754,0.953206239168111,0.009234795515717173,0.9154341959455055,0.1741634233348963,3.0,HI-VAE_weibull
0.005763027391688915,0.955412005671971,0.02110380283385157,0.917728049018969,0.09496574236421246,3.0,HI-VAE_weibull
0.0059258006061440075,0.9550968961714195,0.007878286753695396,0.9183469134997718,0.10013373449941632,2.0,HI-VAE_weibull
0.004291389565516844,0.959350874428864,0.010491511553556631,0.9234937748517046,0.1227043503777773,3.0,HI-VAE_weibull
0.0067288782268219716,0.945328501654325,0.014266863631187275,0.9129579558047064,0.13717907562355489,4.0,HI-VAE_weibull
0.0063383949558728616,0.9483220419095635,0.008232124877714029,0.9044620298546379,0.13650457061170487,4.0,HI-VAE_weibull
0.005009434651543542,0.9588782101780368,0.011315089273642779,0.9192786650153184,0.12587883867962196,4.0,HI-VAE_weibull
0.004479595813963827,0.9584055459272097,0.009564824946571193,0.9145103969754255,0.126009594563968,3.0,HI-VAE_weibull
0.006729547702263814,0.9510004726642509,0.02569871219555703,0.9206744019294699,0.11402885369331835,1.0,HI-VAE_weibull
